<?xml version="1.0" encoding="UTF-8"?>
<includes>

    <include name="Defs_OSDAlbumWidth_WithCodec">
        <width>580</width>
    </include>

    <include name="Defs_Offscreen">
        <top>-1000</top>
        <left>-1000</left>
        <width>1</width>
        <height>1</height>
    </include>
    <include name="Defs_Offscreen_Button">
        <include>Defs_Offscreen</include>
        <texturefocus />
        <texturenofocus />
        <font />
    </include>
    <include name="Defs_Hidden_Button">
        <include>Defs_Offscreen_Button</include>
        <visible allowhiddenfocus="true">False</visible>
    </include>

    <include name="Defs_OSD_Focus">
        <onfocus condition="Skin.String(OSD_Timeout,$LOCALIZE[31271])">AlarmClock(osd_timeout,SetFocus(99220),00:03,silent)</onfocus>
        <onfocus condition="Skin.String(OSD_Timeout,$LOCALIZE[31272])">AlarmClock(osd_timeout,SetFocus(99220),00:05,silent)</onfocus>
        <onfocus condition="Skin.String(OSD_Timeout,$LOCALIZE[31273])">AlarmClock(osd_timeout,SetFocus(99220),00:10,silent)</onfocus>
        <onfocus condition="Skin.String(OSD_Timeout,$LOCALIZE[31274])">AlarmClock(osd_timeout,SetFocus(99220),00:15,silent)</onfocus>
        <onfocus condition="Skin.String(OSD_Timeout,$LOCALIZE[31275])">AlarmClock(osd_timeout,SetFocus(99220),00:20,silent)</onfocus>
        <onfocus condition="Skin.String(OSD_Timeout,$LOCALIZE[31276])">AlarmClock(osd_timeout,SetFocus(99220),00:30,silent)</onfocus>
        <onfocus condition="Skin.String(OSD_Timeout,$LOCALIZE[31277])">AlarmClock(osd_timeout,SetFocus(99220),01:00,silent)</onfocus>
        <onunfocus>CancelAlarm(osd_timeout,true)</onunfocus>
    </include>

    <include name="Defs_HeaderDimensions">
        <top>-28</top>
        <left>-92</left>
        <width>320</width>
        <height>256</height>
    </include>

    <include name="Defs_Store_Content"><content target="$PARAM[include_target]">$PARAM[include_content]</content></include>
    <include name="Defs_Store_MainMenu"><content><include>skinshortcuts-mainmenu</include></content></include>

    <include name="Defs_Store_Init">
        <onload condition="!Skin.HasSetting(store_init)">Skin.SetString(Store_Widget1_Content,videodb://recentlyaddedmovies)</onload>
        <onload condition="!Skin.HasSetting(store_init)">Skin.SetString(Store_Widget1_Target,videos)</onload>
        <onload condition="!Skin.HasSetting(store_init)">Skin.SetString(Store_Widget1_Title,$LOCALIZE[20386])</onload>
        <onload condition="!Skin.HasSetting(store_init)">Skin.Reset(Store_Widget1_Genres)</onload>
        <onload condition="!Skin.HasSetting(store_init)">Skin.Reset(Store_Widget1_Landscape)</onload>

        <onload condition="!Skin.HasSetting(store_init)">Skin.SetString(Store_Widget2_Content,special://skin/extras/playlists/RecentMovies.xsp)</onload>
        <onload condition="!Skin.HasSetting(store_init)">Skin.SetString(Store_Widget2_Target,videos)</onload>
        <onload condition="!Skin.HasSetting(store_init)">Skin.SetString(Store_Widget2_Title,$LOCALIZE[31242])</onload>
        <onload condition="!Skin.HasSetting(store_init)">Skin.Reset(Store_Widget2_Genres)</onload>
        <onload condition="!Skin.HasSetting(store_init)">Skin.Reset(Store_Widget2_Landscape)</onload>
        
        <onload condition="!Skin.HasSetting(store_init)">Skin.SetString(Store_Widget3_Content,videodb://movies/genres)</onload>
        <onload condition="!Skin.HasSetting(store_init)">Skin.SetString(Store_Widget3_Target,videos)</onload>
        <onload condition="!Skin.HasSetting(store_init)">Skin.SetString(Store_Widget3_Title,$LOCALIZE[20338] $LOCALIZE[135])</onload>
        <onload condition="!Skin.HasSetting(store_init)">Skin.SetBool(Store_Widget3_Genres)</onload>
        <onload condition="!Skin.HasSetting(store_init)">Skin.Reset(Store_Widget3_Landscape)</onload>
        
        <onload condition="!Skin.HasSetting(store_init)">Skin.SetString(Store_Widget4_Content,special://skin/extras/playlists/RandomMovies.xsp)</onload>
        <onload condition="!Skin.HasSetting(store_init)">Skin.SetString(Store_Widget4_Target,videos)</onload>
        <onload condition="!Skin.HasSetting(store_init)">Skin.SetString(Store_Widget4_Title,$LOCALIZE[31054])</onload>
        <onload condition="!Skin.HasSetting(store_init)">Skin.Reset(Store_Widget4_Genres)</onload>
        <onload condition="!Skin.HasSetting(store_init)">Skin.Reset(Store_Widget4_Landscape)</onload>
        
        <onload condition="!Skin.HasSetting(store_init)">Skin.SetString(Store_Widget5_Content,special://skin/extras/playlists/RecentShows.xsp)</onload>
        <onload condition="!Skin.HasSetting(store_init)">Skin.SetString(Store_Widget5_Target,videos)</onload>
        <onload condition="!Skin.HasSetting(store_init)">Skin.SetString(Store_Widget5_Title,$LOCALIZE[626])</onload>
        <onload condition="!Skin.HasSetting(store_init)">Skin.Reset(Store_Widget5_Genres)</onload>
        <onload condition="!Skin.HasSetting(store_init)">Skin.Reset(Store_Widget5_Landscape)</onload>

        <onload condition="!Skin.HasSetting(store_init)">Skin.SetString(Store_Widget6_Content,videodb://recentlyaddedepisodes)</onload>
        <onload condition="!Skin.HasSetting(store_init)">Skin.SetString(Store_Widget6_Target,videos)</onload>
        <onload condition="!Skin.HasSetting(store_init)">Skin.SetString(Store_Widget6_Title,$LOCALIZE[20387])</onload>
        <onload condition="!Skin.HasSetting(store_init)">Skin.Reset(Store_Widget6_Genres)</onload>
        <onload condition="!Skin.HasSetting(store_init)">Skin.SetBool(Store_Widget6_Landscape)</onload>
        
        <onload condition="!Skin.HasSetting(store_init)">Skin.SetString(Store_Widget7_Content,videodb://tvshows/genres)</onload>
        <onload condition="!Skin.HasSetting(store_init)">Skin.SetString(Store_Widget7_Target,videos)</onload>
        <onload condition="!Skin.HasSetting(store_init)">Skin.SetString(Store_Widget7_Title,$LOCALIZE[20364] $LOCALIZE[135])</onload>
        <onload condition="!Skin.HasSetting(store_init)">Skin.SetBool(Store_Widget7_Genres)</onload>
        <onload condition="!Skin.HasSetting(store_init)">Skin.Reset(Store_Widget7_Landscape)</onload>
        
        <onload condition="!Skin.HasSetting(store_init)">Skin.SetString(Store_Widget8_Content,special://skin/extras/playlists/RandomEpisodes.xsp)</onload>
        <onload condition="!Skin.HasSetting(store_init)">Skin.SetString(Store_Widget8_Target,videos)</onload>
        <onload condition="!Skin.HasSetting(store_init)">Skin.SetString(Store_Widget8_Title,$LOCALIZE[31055])</onload>
        <onload condition="!Skin.HasSetting(store_init)">Skin.Reset(Store_Widget8_Genres)</onload>
        <onload condition="!Skin.HasSetting(store_init)">Skin.SetBool(Store_Widget8_Landscape)</onload>

        <onload condition="!Skin.HasSetting(store_init)">Skin.SetBool(store_init)</onload>
    </include>

    <include name="Defs_SkinSettings_StoreWidget">
        <control type="group" id="812$PARAM[id]">
            <height>72</height>
            <width>100%</width>
            <control type="togglebutton" id="813$PARAM[id]">
                <onleft>815$PARAM[id]</onleft>
                <onright>814$PARAM[id]</onright>
                <ondown>813$PARAM[next_id]</ondown>
                <onup>813$PARAM[prev_id]</onup>
                <left>0</left>
                <textoffsetx>148</textoffsetx>
                <width>1000</width>
                <alttexturenofocus colordiffuse="$VAR[HighlightColor]">common/white.png</alttexturenofocus>
                <alttexturefocus colordiffuse="$VAR[HighlightColor]">common/white.png</alttexturefocus>
                <usealttexture>Control.HasFocus(814$PARAM[id]) | Control.HasFocus(815$PARAM[id])</usealttexture>
                <label>$INFO[Skin.String(Store_Widget$PARAM[id]_Title)]</label>
                <altlabel>[COLOR=Selected]$INFO[Skin.String(Store_Widget$PARAM[id]_Title)][/COLOR]</altlabel>
                <onclick>RunScript(script.skinshortcuts,type=widgets&amp;grouping=widget&amp;skinWidgetPath=Store_Widget$PARAM[id]_Content&amp;skinWidgetName=Store_Widget$PARAM[id]_Title&amp;skinWidgetTarget=Store_Widget$PARAM[id]_Target)</onclick>
                <height>72</height>
                <include>Defs_OptionButton</include>
            </control>

            <control type="label">
                <label>$VAR[Label_Store_Widget$PARAM[id]_ViewMode]</label>
                <align>right</align>
                <width>300</width>
                <height>72</height>
                <right>64</right>
                <font>Font-ListInfo-Small</font>
                <include>Defs_OptionButton</include>
                <visible>![Control.HasFocus(813$PARAM[id]) | Control.HasFocus(814$PARAM[id]) | Control.HasFocus(815$PARAM[id])]</visible>
            </control>
            <control type="label">
                <label>$VAR[Label_Store_Widget$PARAM[id]_ViewMode]</label>
                <align>right</align>
                <width>300</width>
                <height>72</height>
                <right>64</right>
                <textcolor>Selected</textcolor>
                <font>Font-ListInfo-Small</font>
                <include>Defs_OptionButton</include>
                <visible>[Control.HasFocus(813$PARAM[id]) | Control.HasFocus(814$PARAM[id]) | Control.HasFocus(815$PARAM[id])]</visible>
            </control>

            <control type="image">
                <top>4</top>
                <width>64</width>
                <height>64</height>
                <left>0</left>
                <texture colordiffuse="Disabled">special://skin/extras/icons/settings.png</texture>
                <visible>!Control.HasFocus(813$PARAM[id])</visible>
            </control>
            <control type="image">
                <top>4</top>
                <width>64</width>
                <height>64</height>
                <left>0</left>
                <texture colordiffuse="Selected">special://skin/extras/icons/settings.png</texture>
                <visible>Control.HasFocus(813$PARAM[id])</visible>
            </control>
            <control type="button" id="814$PARAM[id]">
                <onleft>813$PARAM[id]</onleft>
                <onright>815$PARAM[id]</onright>
                <ondown>813$PARAM[next_id]</ondown>
                <onup>813$PARAM[prev_id]</onup>
                <width>64</width>
                <height>64</height>
                <top>4</top>
                <left>64</left>
                <texturenofocus colordiffuse="Disabled">special://skin/extras/icons/write.png</texturenofocus>
                <texturefocus colordiffuse="Selected">special://skin/extras/icons/write.png</texturefocus>
                <align>center</align>
                <onclick>Skin.SetString(Store_Widget$PARAM[id]_Title)</onclick>
                <include>Defs_OptionButton</include>
            </control>
            <control type="button" id="815$PARAM[id]">
                <onleft>814$PARAM[id]</onleft>
                <onright>813$PARAM[id]</onright>
                <ondown>813$PARAM[next_id]</ondown>
                <onup>813$PARAM[prev_id]</onup>
                <width>64</width>
                <height>64</height>
                <top>4</top>
                <right>0</right>
                <texturenofocus colordiffuse="Disabled">special://skin/extras/icons/pictures.png</texturenofocus>
                <texturefocus colordiffuse="Selected">special://skin/extras/icons/pictures.png</texturefocus>
                <align>center</align>
                <selected>Skin.HasSetting(Store_Widget$PARAM[id]_Landscape)</selected>

                <onclick condition="!Skin.HasSetting(Store_Widget$PARAM[id]_Genres) + !Skin.HasSetting(Store_Widget$PARAM[id]_Landscape)">Skin.ToggleSetting(Store_Widget$PARAM[id]_Landscape)</onclick>

                <onclick condition="!Skin.HasSetting(Store_Widget$PARAM[id]_Genres) + Skin.HasSetting(Store_Widget$PARAM[id]_Landscape)">Skin.ToggleSetting(Store_Widget$PARAM[id]_Genres)</onclick>
                <onclick condition="!Skin.HasSetting(Store_Widget$PARAM[id]_Genres) + Skin.HasSetting(Store_Widget$PARAM[id]_Landscape)">Skin.ToggleSetting(Store_Widget$PARAM[id]_Landscape)</onclick>

                <onclick condition="Skin.HasSetting(Store_Widget$PARAM[id]_Genres) + Skin.HasSetting(Store_Widget$PARAM[id]_Landscape)">Skin.ToggleSetting(Store_Widget$PARAM[id]_Landscape)</onclick>
                <onclick condition="Skin.HasSetting(Store_Widget$PARAM[id]_Genres)">Skin.ToggleSetting(Store_Widget$PARAM[id]_Genres)</onclick>

                <include>Defs_OptionButton</include>
            </control>
            
        </control>
    </include>

    <include name="Defs_LeftSide"><left>0</left></include>
    <include name="Defs_RightSide"><right>0</right></include>

    <include name="Defs_WatchedOverlay">
        <param name="pos" default="0" />
        <param name="affix" default="" />
        <param name="container" default="" />
        <definition>
            <control type="image">
                <top>10</top>
                <right>10</right>
                <width>56</width>
                <height>56</height>
                <texture colordiffuse="ff000000">$VAR[Image_Overlay_Corner$PARAM[affix]_$PARAM[pos]]</texture>
            </control>
            <control type="image">
                <top>12</top>
                <right>12</right>
                <width>28</width>
                <height>28</height>
                <texture>$VAR[Image_Overlay$PARAM[affix]_$PARAM[pos]]</texture>
                <visible>![Skin.HasSetting(Indicator.UnwatchedEpisodes) + Integer.IsGreater($PARAM[container]ListItem($PARAM[pos]).Property(UnWatchedEpisodes),0)]</visible>
            </control>
            <control type="label">
                <top>12</top>
                <right>12</right>
                <width>28</width>
                <height>28</height>
                <font>Font-NumEpisodes</font>
                <align>center</align>
                <textcolor>ffcccccc</textcolor>
                <label>$INFO[$PARAM[container]ListItem($PARAM[pos]).Property(UnWatchedEpisodes)]</label>
                <visible>Skin.HasSetting(Indicator.UnwatchedEpisodes) + Integer.IsGreater($PARAM[container]ListItem($PARAM[pos]).Property(UnWatchedEpisodes),0)</visible>
            </control>
        </definition>
    </include>
    <include name="Defs_WatchedOverlay_Focus">
        <param name="pos" default="" />
        <param name="corner" default="true" />
        <definition>
            <control type="image">
                <top>10</top>
                <right>10</right>
                <width>56</width>
                <height>56</height>
                <texture colordiffuse="$VAR[HighlightColor]">$VAR[Image_Overlay_Corner$PARAM[pos]]</texture>
                <visible>$PARAM[corner]</visible>
            </control>
            <control type="image">
                <top>12</top>
                <right>12</right>
                <width>28</width>
                <height>28</height>
                <texture colordiffuse="ff000000">$VAR[Image_Overlay$PARAM[pos]]</texture>
            </control>
            <control type="label">
                <top>12</top>
                <right>12</right>
                <width>28</width>
                <height>28</height>
                <font>Font-NumEpisodes</font>
                <align>center</align>
                <textcolor>Selected</textcolor>
                <label>$INFO[ListItem.Property(UnWatchedEpisodes)]</label>
                <visible>Skin.HasSetting(Indicator.UnwatchedEpisodes)</visible>
                <visible>Integer.IsGreater(ListItem.Property(UnWatchedEpisodes),0) + [Container.Content(tvshows) | Container.Content(seasons)]</visible>
            </control>
        </definition>
    </include>

    <include name="Defs_DialogInfo_PosterLeft"><left>500</left></include>
    <include name="Defs_DialogInfo_SquareLeft"><left>740</left></include>
    <variable name="Defs_SpinnerTexture">
        <value condition="Skin.String(BusySpinner,Tube)">special://skin/extras/busy_spinners/Tube</value>
        <value condition="Skin.String(BusySpinner,Kitty)">special://skin/extras/busy_spinners/Kitty</value>
        <value>special://skin/extras/busy_spinners/Dots</value>
    </variable>
    <include name="Defs_OptionButton_Basic">
        <width>364</width>
        <height>72</height>
        <textcolor>ListLabel</textcolor>
        <alttextcolor>Selected</alttextcolor>
        <selectedcolor>Selected</selectedcolor>
        <focusedcolor>Selected</focusedcolor>
        <font>Font-ListInfo-Small</font>
        <aligny>center</aligny>
        <textoffsetx>bigpad</textoffsetx>
        <radioposx>320</radioposx>
    </include>
    <include name="Defs_OptionButton">
        <include>Defs_OptionButton_Basic</include>
        <texturefocus colordiffuse="$VAR[HighlightColor]">common/white.png</texturefocus>
        <alttexturefocus colordiffuse="$VAR[HighlightColor]">common/white.png</alttexturefocus>
    </include>
    <include name="Defs_OptionButton2">
        <include>Defs_OptionButton_Basic</include>
        <texturenofocus colordiffuse="PosterBorder">common/white.png</texturenofocus>
        <texturefocus colordiffuse="$VAR[HighlightColor]">common/white.png</texturefocus>
        <alttexturenofocus colordiffuse="PosterBorder">common/white.png</alttexturenofocus>
        <alttexturefocus colordiffuse="$VAR[HighlightColor]">common/white.png</alttexturefocus>
    </include>
    <include name="Defs_OptionButton2_Horz">
        <width>460</width>
        <radioposx>390</radioposx>
        <include>Defs_OptionButton_Basic</include>
        <texturenofocus colordiffuse="PosterBorder">common/white.png</texturenofocus>
        <texturefocus colordiffuse="$VAR[HighlightColor]">common/white.png</texturefocus>
        <alttexturenofocus colordiffuse="PosterBorder">common/white.png</alttexturenofocus>
        <alttexturefocus colordiffuse="$VAR[HighlightColor]">common/white.png</alttexturefocus>
    </include>
    <include name="Defs_OptionButton3">
        <width>auto</width>
        <height>64</height>
        <font>Font-ListInfo-Small-Bold</font>
        <include>Defs_OptionButton_Basic</include>
        <texturenofocus colordiffuse="PosterBorder">common/white.png</texturenofocus>
        <texturefocus colordiffuse="$VAR[HighlightColor]">common/white.png</texturefocus>
        <alttexturenofocus colordiffuse="PosterBorder">common/white.png</alttexturenofocus>
        <alttexturefocus colordiffuse="$VAR[HighlightColor]">common/white.png</alttexturefocus>
    </include>
    <include name="Defs_OSDButton">
        <width>230</width>
        <height>48</height>
        <textcolor>ListLabel</textcolor>
        <selectedcolor>$VAR[HighlightColor]</selectedcolor>
        <focusedcolor>$VAR[HighlightColor]</focusedcolor>
        <font>Font-OSD</font>
        <aligny>center</aligny>
        <align>center</align>
        <textoffsetx>bigpad</textoffsetx>
        <texturenofocus />
        <texturefocus />
        <alttexturenofocus />
        <alttexturefocus />
        <include>Defs_OSD_Focus</include>
    </include>
    <include name="Defs_KeyboardButton">
        <width>110</width>
        <height>70</height>
        <textcolor>ListLabel</textcolor>
        <selectedcolor>Selected</selectedcolor>
        <focusedcolor>Selected</focusedcolor>
        <font>Font-ListInfo-Small</font>
        <aligny>center</aligny>
        <textoffsetx>bigpad</textoffsetx>
        <radioposx>295</radioposx>
        <texturenofocus colordiffuse="PosterBorder">common/white.png</texturenofocus>
        <texturefocus colordiffuse="$VAR[HighlightColor]">common/white.png</texturefocus>
        <alttexturenofocus colordiffuse="PosterBorder">common/white.png</alttexturenofocus>
        <alttexturefocus colordiffuse="$VAR[HighlightColor]">common/white.png</alttexturefocus>
    </include>
    <variable name="Defs_Hub_Widget">
        <value condition="Window.IsVisible(1101) + !String.IsEmpty(Skin.String(Widget.1101))">$INFO[Skin.String(Widget.1101)]</value>
        <value condition="Window.IsVisible(1102) + !String.IsEmpty(Skin.String(Widget.1102))">$INFO[Skin.String(Widget.1102)]</value>
        <value condition="Window.IsVisible(1103) + !String.IsEmpty(Skin.String(Widget.1103))">$INFO[Skin.String(Widget.1103)]</value>
        <value condition="Window.IsVisible(1104) + !String.IsEmpty(Skin.String(Widget.1104))">$INFO[Skin.String(Widget.1104)]</value>
        <value condition="Window.IsVisible(1105) + !String.IsEmpty(Skin.String(Widget.1105))">$INFO[Skin.String(Widget.1105)]</value>
        <value condition="Window.IsVisible(1106) + !String.IsEmpty(Skin.String(Widget.1106))">$INFO[Skin.String(Widget.1106)]</value>
        <value condition="Window.IsVisible(1107) + !String.IsEmpty(Skin.String(Widget.1107))">$INFO[Skin.String(Widget.1107)]</value>
        <value condition="Window.IsVisible(1108) + !String.IsEmpty(Skin.String(Widget.1108))">$INFO[Skin.String(Widget.1108)]</value>
        <value condition="Window.IsVisible(1109) + !String.IsEmpty(Skin.String(Widget.1109))">$INFO[Skin.String(Widget.1109)]</value>
        <value condition="Window.IsVisible(1102)">special://skin/extras/playlists/RandomEpisodes.xsp</value>
        <value>special://skin/extras/playlists/RandomMovies.xsp</value>
    </variable>
    <variable name="Defs_Hub_Widget_Target">
        <value condition="Window.IsVisible(1101) + !String.IsEmpty(Skin.String(Widget.1101.Type))">$INFO[Skin.String(Widget.1101.Type)]</value>
        <value condition="Window.IsVisible(1102) + !String.IsEmpty(Skin.String(Widget.1102.Type))">$INFO[Skin.String(Widget.1102.Type)]</value>
        <value condition="Window.IsVisible(1103) + !String.IsEmpty(Skin.String(Widget.1103.Type))">$INFO[Skin.String(Widget.1103.Type)]</value>
        <value condition="Window.IsVisible(1104) + !String.IsEmpty(Skin.String(Widget.1104.Type))">$INFO[Skin.String(Widget.1104.Type)]</value>
        <value condition="Window.IsVisible(1105) + !String.IsEmpty(Skin.String(Widget.1105.Type))">$INFO[Skin.String(Widget.1105.Type)]</value>
        <value condition="Window.IsVisible(1106) + !String.IsEmpty(Skin.String(Widget.1106.Type))">$INFO[Skin.String(Widget.1106.Type)]</value>
        <value condition="Window.IsVisible(1107) + !String.IsEmpty(Skin.String(Widget.1107.Type))">$INFO[Skin.String(Widget.1107.Type)]</value>
        <value condition="Window.IsVisible(1108) + !String.IsEmpty(Skin.String(Widget.1108.Type))">$INFO[Skin.String(Widget.1108.Type)]</value>
        <value condition="Window.IsVisible(1109) + !String.IsEmpty(Skin.String(Widget.1109.Type))">$INFO[Skin.String(Widget.1109.Type)]</value>
        <value>videos</value>
    </variable>
    <variable name="Defs_HomeTileColor">
        <value condition="Skin.HasSetting(home.tilecolor) + !String.IsEmpty(Container(9000).ListItem.Property(tilecolor))">$INFO[Container(9000).ListItem.Property(tilecolor)]</value>
        <value condition="Skin.HasSetting(home.tilecolor) + !String.IsEmpty(Container(211).ListItem.Property(tilecolor))">$INFO[Container(211).ListItem.Property(tilecolor)]</value>
        <value>$VAR[HighlightColor]</value>
    </variable>
    <include name="Defs_SideLabel">
        <param name="Label" default="$VAR[Label_SideLabel]" />
        <definition>
            <control type="label">
                <right>-726</right>
                <top>-10</top>
                <height>64</height>
                <width>700</width>
                <align>left</align>
                <angle>270</angle>
                <font>Font-WidgetInfoTitle</font>
                <label>[UPPERCASE]$PARAM[Label][/UPPERCASE]</label>
                <animation effect="fade" start="100" end="33" condition="true">Conditional</animation>
                <visible>Skin.HasSetting(global.eminenceonestyle)</visible>
            </control>
        </definition>
    </include>
    <include name="Defs_SideArrows">
        <control type="image">
            <centerleft>-24</centerleft>
            <width>48</width>
            <height>48</height>
            <texture colordiffuse="ListLabel">common/48-arrow-left.png</texture>
            <centertop>50%</centertop>
            <animation effect="fade" start="100" end="33" condition="true">Conditional</animation>
            <visible>!String.IsEqual(Window(home).Property(HubReturn),Home)</visible>
            <visible>String.StartsWith(Window(home).Property(HubReturn),110)</visible>
            <visible>![Window.IsVisible(1101) | Window.IsVisible(1102) | Window.IsVisible(1103) | Window.IsVisible(1104) | Window.IsVisible(1105) | Window.IsVisible(1106) | Window.IsVisible(1107) | Window.IsVisible(1108) | Window.IsVisible(1109)]</visible>
            <visible>Skin.HasSetting(global.eminenceonestyle)</visible>
        </control>
        <control type="image">
            <centerright>-24</centerright>
            <width>48</width>
            <height>48</height>
            <texture colordiffuse="ListLabel" flipx="true">common/48-arrow-left.png</texture>
            <centertop>50%</centertop>
            <animation effect="fade" start="100" end="33" condition="true">Conditional</animation>
            <visible>!String.IsEqual(Window(home).Property(HubReturn),Home)</visible>
            <visible>!String.StartsWith(Window(home).Property(HubReturn),110)</visible>
            <visible>!String.IsEmpty(Window(home).Property(NodeReturn))</visible>
            <visible>Window.IsVisible(1101) | Window.IsVisible(1102) | Window.IsVisible(1103) | Window.IsVisible(1104) | Window.IsVisible(1105) | Window.IsVisible(1106) | Window.IsVisible(1107) | Window.IsVisible(1108) | Window.IsVisible(1109)</visible>
            <visible>Skin.HasSetting(global.eminenceonestyle)</visible>
        </control>
    </include>
    <include name="Defs_ViewBackground">
        <left>sidepad</left>
        <right>sidepad</right>
        <top>top</top>
        <height>height</height>
        <include>Animation_Common</include>
        <include condition="!Skin.HasSetting(global.widescreen)">Defs_SideLabel</include>
        <include condition="!Skin.HasSetting(global.widescreen)">Defs_SideArrows</include>
    </include>
    <include name="Defs_InfoBackground">
        <left>sidepad</left>
        <right>sidepad</right>
        <top>top</top>
        <height>height</height>
        <include>Animation_Info</include>
        <include content="Defs_SideLabel">
            <param name="Label" value="$LOCALIZE[19033]" />
        </include>
    </include>
    <include name="Defs_Shortcuts_SetHub">
        <control type="button" id="$PARAM[buttonid2]" description="Set HUB WIDGET">
            <width>100%</width>
            <label>31097</label>
            <label2>$INFO[Skin.String(Widget.$PARAM[hubid].Label)]</label2>
            <visible>String.IsEqual(Container(211).ListItem.Label2,Hub $PARAM[hubid]) | String.IsEqual(Container(211).ListItem.Property(Path),ActivateWindow($PARAM[hubid]))</visible>
            <include>Defs_OptionButton</include>
            <onclick>RunScript(script.skinshortcuts,type=widgets&amp;grouping=widget&amp;skinWidgetPath=Widget.$PARAM[hubid]&amp;skinWidgetName=Widget.$PARAM[hubid].Label&amp;skinWidgetTarget=Widget.$PARAM[hubid].Type)</onclick>
        </control>
        <control type="button" id="$PARAM[buttonid1]" description="Set HUB">
            <width>100%</width>
            <label>31096</label>
            <include>Defs_OptionButton</include>
            <visible>String.IsEqual(Container(211).ListItem.Label2,Hub $PARAM[hubid]) | String.IsEqual(Container(211).ListItem.Property(Path),ActivateWindow($PARAM[hubid]))</visible>
            <onclick>RunScript(script.skinshortcuts,type=manage&amp;group=x$PARAM[hubid])</onclick>
        </control>
    </include>
    <variable name="Defs_HomeWidget_Content">
        <value condition="String.IsEmpty(Container(9000).ListItem.Property(widget)) + !String.IsEmpty(Container(9000).ListItem.Property(background))">-</value>
        <value condition="String.IsEqual(Container(9000).ListItem.Property(widget),Weather) + System.HasAddon(resource.images.weatherfanart.multi)">$INFO[Window(Weather).Property(Current.FanartCode),resource://resource.images.weatherfanart.multi/,]/</value>
        <value condition="!String.IsEmpty(Skin.String(widget.background.fallback))">-</value>
        <value condition="[String.IsEqual(Skin.String(home.fallbackwidget),Weather) | String.IsEqual(Skin.String(home.fallbackwidget.node),Weather)] + System.HasAddon(resource.images.weatherfanart.multi)">$INFO[Window(Weather).Property(Current.FanartCode),resource://resource.images.weatherfanart.multi/,]/</value>
        <value condition="!String.IsEmpty(Skin.String(home.fallbackwidget))">$INFO[Skin.String(home.fallbackwidget)]</value>
        <value>special://skin/extras/playlists/RandomMovies.xsp</value>
    </variable>
    <variable name="Defs_HomeWidget_Target">
        <value condition="String.IsEqual(Container(9000).ListItem.Property(widget),Weather) + System.HasAddon(resource.images.weatherfanart.multi)">images</value>
        <value condition="!String.IsEmpty(Skin.String(home.fallbackwidget.target))">$INFO[Skin.String(home.fallbackwidget.target)]</value>
        <value>videos</value>
    </variable>

    <include name="Defs_WeatherOpen"><onclick>ActivateWindow(weather)</onclick></include>

    <include name="Defs_SettingsScreen">
        <left>sidepad</left>
        <right>sidepad</right>
        <top>top</top>
        <height>height</height>
        <animation effect="slide" tween="quadratic" easing="out" time="200" start="1920" end="0" condition="!Window.Previous(Settings.xml) + !Window.Previous(SettingsCategory.xml) + !Window.Previous(SkinSettings.xml) + !Window.Previous(SettingsSystemInfo.xml) + !Window.Previous(SettingsProfile.xml) + !Window.Previous(EventLog.xml) + !Window.Previous(FileManager.xml)">WindowOpen</animation>
        <animation effect="slide" tween="quadratic" easing="in" time="200" end="1920" start="0" condition="!Window.Next(Settings.xml) + !Window.Next(SettingsCategory.xml) + !Window.Next(SkinSettings.xml) + !Window.Next(SettingsSystemInfo.xml) + !Window.Next(SettingsProfile.xml) + !Window.Next(EventLog.xml) + !Window.Next(FileManager.xml)">WindowClose</animation>
        <include condition="!Skin.HasSetting(global.widescreen)">Defs_SideLabel</include>
        <include condition="!Skin.HasSetting(global.widescreen)">Defs_SideArrows</include>
        <include content="Object_Headline">
            <param name="label" value="$LOCALIZE[5]" />
        </include>
        
        <control type="panel" id="9000">
            <left>0</left>
            <right>0</right>
            <top>0</top>
            <height>770</height>
            <orientation>vertical</orientation>
            <itemlayout height="246.66" width="settingsitemw">
                <control type="group">
                    <top>bigpad</top>
                    <bottom>0</bottom>
                    <left>bigpad</left>
                    <right>0</right>
                    <include>Object_Background</include>
                </control>
                <control type="image">
                    <top>20</top>
                    <left>30</left>
                    <right>10</right>
                    <height>128</height>
                    <aspectratio align="center">keep</aspectratio>
                    <texture colordiffuse="ListLabel">$INFO[ListItem.Icon]</texture>
                </control>
                <control type="label">
                    <left>60</left>
                    <right>40</right>
                    <height>50</height>
                    <centerbottom>90</centerbottom>
                    <textcolor>ListLabel</textcolor>
                    <align>center</align>
                    <aligny>center</aligny>
                    <label>$INFO[ListItem.Label]</label>
                </control>
                <control type="textbox">
                    <left>60</left>
                    <right>40</right>
                    <height>100</height>
                    <centerbottom>40</centerbottom>
                    <font>Font-LineLabel</font>
                    <textcolor>SideArrow</textcolor>
                    <align>center</align>
                    <aligny>center</aligny>
                    <label>$INFO[ListItem.Label2]</label>
                </control>
            </itemlayout>
            <focusedlayout height="246.66" width="settingsitemw">
                <control type="group">
                    <top>bigpad</top>
                    <bottom>0</bottom>
                    <left>bigpad</left>
                    <right>0</right>
                    <include>Object_Background</include>
                    <control type="image">
                        <texture colordiffuse="$VAR[HighlightColor]">common/white.png</texture>
                    </control>
                </control>
                <control type="image">
                    <top>20</top>
                    <left>30</left>
                    <right>10</right>
                    <height>128</height>
                    <aspectratio align="center">keep</aspectratio>
                    <texture colordiffuse="Selected">$INFO[ListItem.Icon]</texture>
                </control>
                <control type="label">
                    <left>60</left>
                    <right>40</right>
                    <height>50</height>
                    <centerbottom>90</centerbottom>
                    <textcolor>Selected</textcolor>
                    <align>center</align>
                    <aligny>center</aligny>
                    <label>$INFO[ListItem.Label]</label>
                </control>
                <control type="textbox">
                    <left>60</left>
                    <right>40</right>
                    <height>100</height>
                    <centerbottom>40</centerbottom>
                    <font>Font-LineLabel</font>
                    <textcolor>Selected</textcolor>
                    <align>center</align>
                    <aligny>center</aligny>
                    <label>$INFO[ListItem.Label2]</label>
                </control>
            </focusedlayout>
            <content>
                <!-- Row 1 -->
                <item id="1">
                    <description>Interface</description>
                    <label>14206</label>
                    <label2>$LOCALIZE[166] • $LOCALIZE[14222] • $LOCALIZE[360][CR]$LOCALIZE[12360] • $LOCALIZE[14224]</label2>
                    <onclick>activatewindow(InterfaceSettings)</onclick>
                    <icon>special://skin/extras/icons/skinsettings.png</icon>
                </item>
                <item id="5">
                    <description>Library</description>
                    <label>14202</label>
                    <label2>$LOCALIZE[14022] • $LOCALIZE[16000] • $LOCALIZE[14215][CR]$LOCALIZE[14216] • $LOCALIZE[14217]</label2>
                    <onclick>activatewindow(MediaSettings)</onclick>
                    <icon>special://skin/extras/icons/tags.png</icon>
                </item>
                <item id="6">
                    <description>Player</description>
                    <label>14200</label>
                    <label2>$LOCALIZE[14215] • $LOCALIZE[14216] • $LOCALIZE[14087] • $LOCALIZE[14217][CR]$LOCALIZE[14218] • $LOCALIZE[37032]</label2>
                    <onclick>activatewindow(PlayerSettings)</onclick>
                    <icon>special://skin/extras/icons/equalizer.png</icon>
                </item>
                <item id="9">
                    <description>System</description>
                    <label>13000</label>
                    <label2>$LOCALIZE[14220] • $LOCALIZE[14221] • $LOCALIZE[14125] • $LOCALIZE[24001][CR]$LOCALIZE[798] • $LOCALIZE[14095]</label2>
                    <onclick>activatewindow(SystemSettings)</onclick>
                    <icon>special://skin/extras/icons/configure.png</icon>
                </item>

                <!-- Row 2 -->
                <item id="2">
                    <description>Skin Settings</description>
                    <label>20077</label>
                    <label2>$LOCALIZE[10000] • $LOCALIZE[19190] • $LOCALIZE[31127][CR]$LOCALIZE[31126] • $LOCALIZE[478] • $LOCALIZE[31219]</label2>
                    <onclick>activatewindow(skinsettings)</onclick>
                    <icon>special://skin/extras/icons/paintbrush.png</icon>
                </item>
                <item id="12">
                    <description>Services</description>
                    <label>14036</label>
                    <label2>$LOCALIZE[16000] • $LOCALIZE[14223] • $LOCALIZE[20187][CR]$LOCALIZE[1273] • $LOCALIZE[1200] • $LOCALIZE[12600]</label2>
                    <onclick>activatewindow(servicesettings)</onclick>
                    <icon>special://skin/extras/icons/network.png</icon>
                </item>
                <item id="8">
                    <description>PVR Settings</description>
                    <label>19191</label>
                    <label2>$LOCALIZE[16000] • $LOCALIZE[19222] • $LOCALIZE[14086][CR]$LOCALIZE[19043] • $LOCALIZE[19259]</label2>
                    <onclick>activatewindow(pvrsettings)</onclick>
                    <icon>special://skin/extras/icons/livetv.png</icon>
                </item>
                <item id="11">
                    <description>System Info</description>
                    <label>130</label>
                    <label2>$LOCALIZE[154] • $LOCALIZE[705] • $LOCALIZE[157][CR]$LOCALIZE[13281] • $LOCALIZE[31236] • $LOCALIZE[12389]</label2>
                    <onclick>activatewindow(systeminfo)</onclick>
                    <icon>special://skin/extras/icons/sysinfo.png</icon>
                </item>
                
                
                <!-- Row 3 -->
                <item id="10">
                    <description>Addons</description>
                    <label>24001</label>
                    <label2>$LOCALIZE[24998] • $LOCALIZE[137][CR]$LOCALIZE[31179]</label2>
                    <onclick>activatewindow(AddonBrowser)</onclick>
                    <icon>special://skin/extras/icons/addon.png</icon>
                </item>
                <item id="13">
                    <description>Filemanager</description>
                    <label>$LOCALIZE[10003]</label>
                    <label2>$LOCALIZE[115] • $LOCALIZE[116] • $LOCALIZE[117][CR]$LOCALIZE[118] • $LOCALIZE[14226]</label2>
                    <onclick>activatewindow(filemanager)</onclick>
                    <icon>special://skin/extras/icons/database.png</icon>
                </item>
                <item id="3">
                    <description>Profiles</description>
                    <label>13200</label>
                    <label2>$LOCALIZE[10029] • $LOCALIZE[33084][CR]$LOCALIZE[31178]</label2>
                    <onclick>activatewindow(Profiles)</onclick>
                    <icon>special://skin/extras/icons/actor.png</icon>
                </item>
                <item id="14">
                    <description>Events</description>
                    <label>$LOCALIZE[14111]</label>
                    <label2>$LOCALIZE[31237][CR]$LOCALIZE[31238]</label2>
                    <onclick>activatewindow(eventlog)</onclick>
                    <icon>special://skin/extras/icons/year.png</icon>
                    <visible>!System.HasAddon(service.libreelec.settings)</visible>
                </item>
                <item id="19">
                    <description>LibreElec</description>
                    <label>$ADDON[service.libreelec.settings 600]</label>
                    <label2>$ADDON[service.libreelec.settings 32002] • $ADDON[service.libreelec.settings 32101] • $ADDON[service.libreelec.settings 32001][CR]$ADDON[service.libreelec.settings 32100] • $ADDON[service.libreelec.settings 32331]</label2>
                    <onclick>RunScript(service.libreelec.settings)</onclick>
                    <icon>special://skin/extras/icons/libreelec.png</icon>
                    <visible>System.HasAddon(service.libreelec.settings)</visible>
                </item>

            </content>
        </control>
    </include>

    <include name="Defs_LyricSystemFonts">
        <!-- Video Lyrics -->
        <font>
            <name>lyr1</name>
            <filename>lyrics/Theboldfont.ttf</filename>
            <linespacing>0.9</linespacing>
            <size>120</size>
        </font>
        <font>
            <name>lyr1b</name>
            <filename>lyrics/PollerOne.ttf</filename>
            <aspect>0.9</aspect>
            <size>60</size>
        </font>
        <font>
            <name>lyr2</name>
            <filename>lyrics/SF Distant Galaxy.ttf</filename>
            <style>lowercase</style>
            <linespacing>0.9</linespacing>
            <size>120</size>
        </font>
        <font>
            <name>lyr2b</name>
            <filename>lyrics/Fredoka One.ttf</filename>
            <linespacing>0.9</linespacing>
            <size>58</size>
        </font>
        <font>
            <name>lyr3</name>
            <filename>lyrics/Luckiest Guy.ttf</filename>
            <style>uppercase</style>
            <linespacing>0.9</linespacing>
            <size>125</size>
        </font>
        <font>
            <name>lyr3b</name>
            <filename>lyrics/Exo2-BlackItalic.ttf</filename>
            <linespacing>0.85</linespacing>
            <size>62</size>
        </font>
        <font>
            <name>lyr4</name>
            <filename>lyrics/Geomancy - Extra Bold.ttf</filename>
            <linespacing>0.9</linespacing>
            <size>120</size>
        </font>
        <font>
            <name>lyr4b</name>
            <filename>lyrics/Ranchers-Regular.ttf</filename>
            <aspect>1.4</aspect>
            <linespacing>0.9</linespacing>
            <size>54</size>
        </font>
        <font>
            <name>lyr5</name>
            <filename>lyrics/BOXING.ttf</filename>
            <aspect>1.3</aspect>
            <style>lowercase</style>
            <linespacing>0.9</linespacing>
            <size>104</size>
        </font>
        <font>
            <name>lyr5b</name>
            <filename>lyrics/nasalization-rg.ttf</filename>
            <style>bold</style>
            <size>54</size>
        </font>
        <font>
            <name>lyr6</name>
            <filename>lyrics/Theboldfont.ttf</filename>
            <linespacing>0.9</linespacing>
            <size>120</size>
        </font>
        <font>
            <name>lyr6b</name>
            <filename>lyrics/PollerOne.ttf</filename>
            <aspect>0.9</aspect>
            <size>60</size>
        </font>
        <font>
            <name>lyr7</name>
            <style>uppercase</style>
            <filename>lyrics/Luckiest Guy.ttf</filename>
            <size>110</size>
        </font>
        <font>
            <name>lyr7a</name>
            <style>uppercase</style>
            <filename>lyrics/Luckiest Guy.ttf</filename>
            <size>155</size>
        </font>
        <font>
            <name>lyr7b</name>
            <style>uppercase</style>
            <filename>lyrics/Luckiest Guy.ttf</filename>
            <size>205</size>
        </font>
        <font>
            <name>lyr7c</name>
            <filename>lyrics/Exo2-BlackItalic.ttf</filename>
            <linespacing>0.85</linespacing>
            <size>60</size>
        </font>
        <font>
            <name>lyr8</name>
            <filename>lyrics/SF Distant Galaxy.ttf</filename>
            <style>lowercase</style>
            <linespacing>0.9</linespacing>
            <size>120</size>
        </font>
        <font>
            <name>lyr8b</name>
            <filename>lyrics/nasalization-rg.ttf</filename>
            <style>bold</style>
            <size>54</size>
        </font>
        <font>
            <name>lyr9</name>
            <filename>lyrics/Geomancy - Extra Bold.ttf</filename>
            <linespacing>0.9</linespacing>
            <size>130</size>
        </font>
        <font>
            <name>lyr9b</name>
            <filename>lyrics/Fredoka One.ttf</filename>
            <linespacing>0.9</linespacing>
            <size>58</size>
        </font>
        <font>
            <name>lyr10</name>
            <filename>lyrics/SF Distant Galaxy.ttf</filename>
            <style>lowercase</style>
            <linespacing>0.9</linespacing>
            <size>120</size>
        </font>
        <font>
            <name>lyr10b</name>
            <filename>lyrics/Ranchers-Regular.ttf</filename>
            <aspect>1.4</aspect>
            <linespacing>0.9</linespacing>
            <size>52</size>
        </font>
        <font>
            <name>lyr11</name>
            <filename>lyrics/Theboldfont.ttf</filename>
            <linespacing>0.9</linespacing>
            <size>120</size>
        </font>
        <font>
            <name>lyr11b</name>
            <filename>lyrics/PollerOne.ttf</filename>
            <aspect>0.9</aspect>
            <size>60</size>
        </font>
        <font>
            <name>lyr12</name>
            <filename>lyrics/BOXING.ttf</filename>
            <style>lowercase</style>
            <linespacing>0.9</linespacing>
            <size>275</size>
        </font>
        <font>
            <name>lyr12b</name>
            <filename>lyrics/BOXING.ttf</filename>
            <style>lowercase</style>
            <linespacing>0.9</linespacing>
            <size>165</size>
        </font>
        <font>
            <name>lyr12c</name>
            <filename>lyrics/BOXING.ttf</filename>
            <style>lowercase</style>
            <linespacing>0.9</linespacing>
            <size>220</size>
        </font>
        <font>
            <name>lyr12d</name>
            <filename>lyrics/Fredoka One.ttf</filename>
            <linespacing>0.9</linespacing>
            <size>58</size>
        </font>
        <font>
            <name>lyr13</name>
            <filename>lyrics/SF Distant Galaxy.ttf</filename>
            <style>lowercase</style>
            <linespacing>0.9</linespacing>
            <size>120</size>
        </font>
        <font>
            <name>lyr13b</name>
            <filename>lyrics/Exo2-BlackItalic.ttf</filename>
            <linespacing>0.85</linespacing>
            <size>62</size>
        </font>
        <font>
            <name>lyr14</name>
            <style>uppercase</style>
            <filename>lyrics/Luckiest Guy.ttf</filename>
            <size>140</size>
        </font>
        <font>
            <name>lyr14b</name>
            <filename>lyrics/Ranchers-Regular.ttf</filename>
            <aspect>1.4</aspect>
            <linespacing>0.9</linespacing>
            <size>54</size>
        </font>
        <font>
            <name>lyr15</name>
            <filename>lyrics/Geomancy - Extra Bold.ttf</filename>
            <linespacing>0.9</linespacing>
            <size>130</size>
        </font>
        <font>
            <name>lyr15b</name>
            <filename>lyrics/nasalization-rg.ttf</filename>
            <style>bold</style>
            <size>56</size>
        </font>
        <font>
            <name>lyrsh16</name>
            <filename>lyrics/PollerOne.ttf</filename>
            <aspect>0.9</aspect>
            <size>76</size>
        </font>
        <font>
            <name>lyrsh38</name>
            <filename>lyrics/Exo2-BlackItalic.ttf</filename>
            <linespacing>0.85</linespacing>
            <size>86</size>
        </font>
        <font>
            <name>lyrsh50</name>
            <filename>lyrics/nasalization-rg.ttf</filename>
            <style>bold</style>
            <size>74</size>
        </font>
        <font>
            <name>lyrsh72</name>
            <filename>lyrics/Fredoka One.ttf</filename>
            <linespacing>0.9</linespacing>
            <size>88</size>
        </font>
        <font>
            <name>lyrsh94</name>
            <filename>lyrics/Ranchers-Regular.ttf</filename>
            <aspect>1.4</aspect>
            <linespacing>0.9</linespacing>
            <size>78</size>
        </font>

        <!-- Required for system -->
        <font>
            <name>font10</name>
            <filename>arial.ttf</filename>
            <size>18</size>
        </font>
        <font>
            <name>font12</name>
            <filename>arial.ttf</filename>
            <size>20</size>
        </font>
        <font>
            <name>font13</name>
            <filename>arial.ttf</filename>
            <size>21</size>
        </font>
        <font>
            <name>font14</name>
            <filename>arial.ttf</filename>
            <size>22</size>
        </font>
        <font>
            <name>font16</name>
            <filename>arial.ttf</filename>
            <size>24</size>
        </font>
    </include>
</includes>