<?xml version="1.0" encoding="UTF-8"?>
<window type="window" id="1190">
    <defaultcontrol always="true">9999</defaultcontrol>
    <controls>
        <include>Furniture_Background</include>
        <include>Furniture_RSS</include>
        <include>Furniture_TopBar</include>
        <control type="list" id="9999">
            <top>-1000</top>
            <left>-1000</left>
            <width>1</width>
            <height>1</height>
            <itemlayout />
            <focusedlayout />
        </control>
    </controls>
</window>