<?xml version="1.0" encoding="UTF-8" standalone="yes"?>
<addon id="repository.dank" name="dank_repository" version="1.0.0" provider-name="dkoch84">
    <extension point="xbmc.addon.repository" name="Example Repository">
        <dir>
            <info compressed="false">https://raw.githubusercontent.com/dkoch84/repository.dkoch84/main/repo/zips/addons.xml</info>
            <checksum>https://raw.githubusercontent.com/dkoch84/repository.dkoch84/main/repo/zips/addons.xml.md5</checksum>
            <datadir zip="true">https://raw.githubusercontent.com/dkoch84/repository.dkoch84/main/repo/zips/</datadir>
        </dir>
    </extension>
    <extension point="xbmc.addon.metadata">
        <summary>dank repo</summary>
        <description>A dank repo for dank addons</description>
        <disclaimer></disclaimer>
        <platform>all</platform>
        <assets>
            <icon>icon.png</icon>
            <fanart>fanart.jpg</fanart>
        </assets>
    </extension>
</addon>