<?xml version="1.0" encoding="UTF-8"?>
<includes>
    <variable name="Image_AudioCodec">
        <value condition="!String.IsEmpty(ListItem.AudioCodec)">$INFO[ListItem.AudioCodec,indicator/audio/,.png]</value>
        <value>$INFO[ListItem.FileExtension,indicator/audio/,.png]</value>
    </variable>
    <variable name="Image_AudioChannels">
        <value condition="!String.IsEmpty(ListItem.AudioChannels)">$INFO[ListItem.AudioChannels,indicator/channels/,.png]</value>
        <value condition="!String.IsEmpty(ListItem.MusicChannels)">$INFO[ListItem.MusicChannels,indicator/channels/,.png]</value>
    </variable>

    <variable name="Image_ClearArtOSD">
        <value condition="!String.IsEmpty(Player.Art(tvshow.clearart))">$INFO[Player.Art(tvshow.clearart)]</value>
        <value condition="!String.IsEmpty(Player.Art(clearart))">$INFO[Player.Art(clearart)]</value>
    </variable>
    <variable name="Image_SettingsHeader">
        <value condition="Window.IsActive(systeminfo)">special://skin/extras/icons/sysinfo.png</value>
        <value condition="Window.IsActive(systemsettings)">special://skin/extras/icons/configure.png</value>
        <value condition="Window.IsActive(pvrsettings)">special://skin/extras/icons/livetv.png</value>
        <value condition="Window.IsActive(skinsettings)">special://skin/extras/icons/paintbrush.png</value>
        <value condition="Window.IsActive(addonbrowser)">special://skin/extras/icons/addons.png</value>
        <value condition="Window.IsActive(profiles)">special://skin/extras/icons/actor.png</value>
        <value condition="Window.IsActive(servicesettings)">special://skin/extras/icons/network.png</value>
        <value condition="Window.IsActive(interfacesettings)">special://skin/extras/icons/skinsettings.png</value>
        <value condition="Window.IsActive(mediasettings)">special://skin/extras/icons/tags.png</value>
        <value condition="Window.IsActive(playersettings)">special://skin/extras/icons/equalizer.png</value>
        <value>special://skin/extras/icons/settings.png</value>
    </variable>
    <variable name="Image_MusicVisualisation">
        <value condition="Skin.HasSetting(ArtistSlideShow.Enabled) + !String.IsEmpty(Window(Visualisation).Property(ArtistSlideshow.Image))">$INFO[Window(Visualisation).Property(ArtistSlideshow.Image)]</value>
        <value condition="!String.IsEmpty(Player.Art(fanart))">$INFO[Player.Art(fanart)]</value>
    </variable>
    <variable name="Image_Poster">
        <value condition="Window.IsVisible(DialogVideoInfo.xml) + !String.IsEmpty(Window.Property(list)) + !Container(9500).IsUpdating">$INFO[Container(9500).ListItem.Icon]</value>
        <value condition="Window.IsVisible(DialogVideoInfo.xml) + String.IsEqual(Control.GetLabel(5),$LOCALIZE[207])">$INFO[Container(50).ListItem.Icon]</value>
        <value condition="Window.IsVisible(MyVideoNav.xml) + Container.Content(genres) + System.HasAddon(resource.images.moviegenreicons.transparent)">$INFO[ListItem.Label,resource://resource.images.moviegenreicons.transparent/,.png]</value>
        <value condition="!String.IsEmpty(ListItem.Art(season.poster))">$INFO[ListItem.Art(season.poster)]</value>
        <value condition="!String.IsEmpty(ListItem.Art(poster))">$INFO[ListItem.Art(poster)]</value>
        <value condition="!String.IsEmpty(ListItem.Art(tvshow.poster))">$INFO[ListItem.Art(tvshow.poster)]</value>
        
        <value>$INFO[ListItem.Icon]</value>
    </variable>

    <variable name="Image_Poster_Genres">
        <value condition="System.HasAddon(resource.images.moviegenreicons.transparent)">$INFO[ListItem.Label,resource://resource.images.moviegenreicons.transparent/,.png]</value>
        <value>$VAR[Image_Poster]</value>
    </variable>

    <variable name="Image_Thumb">
        <value condition="[Container.Content(episodes) | Window.IsVisible(MyPics.xml) | Container.Content(videos) | Window.IsVisible(1131)] + !String.IsEmpty(ListItem.Art(thumb))">$INFO[ListItem.Art(thumb)]</value>
        <value condition="Skin.HasSetting(artwork.landscape) + !String.IsEmpty(ListItem.Art(landscape))">$INFO[ListItem.Art(landscape)]</value>
        <value condition="Skin.HasSetting(artwork.landscape) + !String.IsEmpty(ListItem.Art(tvshow.landscape))">$INFO[ListItem.Art(tvshow.landscape)]</value>
        <value condition="!String.IsEmpty(ListItem.Art(fanart))">$INFO[ListItem.Art(fanart)]</value>
        <value condition="!String.IsEmpty(ListItem.Art(tvshow.fanart))">$INFO[ListItem.Art(tvshow.fanart)]</value>
        <value condition="!String.IsEmpty(Window(home).Property(TMDBbHelper.ListItem.Fanart)) + !Control.IsVisible(58) + !Control.IsVisible(553) + !Control.IsVisible(56)">$INFO[Window(home).Property(TMDBbHelper.ListItem.Fanart)]</value>
        <value>$INFO[ListItem.Icon]</value>
    </variable>

    <variable name="Image_PVRThumb">
        <value condition="!String.IsEmpty(Window(Home).Property(TMDBbHelper.ListItem.Fanart))">$INFO[Window(Home).Property(TMDBbHelper.ListItem.Fanart)]</value>
        <value condition="!String.IsEmpty(Skin.String(background.fallback))">$INFO[Skin.String(background.fallback)]</value>
        <value>special://skin/extras/backgrounds/home.jpg</value>
    </variable>

    <variable name="Image_OSDMusicFlagstar5">
        <value condition="String.IsEqual(Player.StarRating,rating5.png)">star10</value>
        <value>star0</value>
    </variable>
    <variable name="Image_OSDMusicFlagstar4">
        <value condition="String.IsEqual(Player.StarRating,rating5.png)">star10</value>
        <value condition="String.IsEqual(Player.StarRating,rating4.png)">star10</value>
        <value>star0</value>
    </variable>
    <variable name="Image_OSDMusicFlagstar3">
        <value condition="String.IsEqual(Player.StarRating,rating5.png)">star10</value>
        <value condition="String.IsEqual(Player.StarRating,rating4.png)">star10</value>
        <value condition="String.IsEqual(Player.StarRating,rating3.png)">star10</value>
        <value>star0</value>
    </variable>
    <variable name="Image_OSDMusicFlagstar2">
        <value condition="String.IsEqual(Player.StarRating,rating5.png)">star10</value>
        <value condition="String.IsEqual(Player.StarRating,rating4.png)">star10</value>
        <value condition="String.IsEqual(Player.StarRating,rating3.png)">star10</value>
        <value condition="String.IsEqual(Player.StarRating,rating2.png)">star10</value>
        <value>star0</value>
    </variable>
    <variable name="Image_OSDMusicFlagstar1">
        <value condition="String.IsEqual(Player.StarRating,rating5.png)">star10</value>
        <value condition="String.IsEqual(Player.StarRating,rating4.png)">star10</value>
        <value condition="String.IsEqual(Player.StarRating,rating3.png)">star10</value>
        <value condition="String.IsEqual(Player.StarRating,rating2.png)">star10</value>
        <value condition="String.IsEqual(Player.StarRating,rating1.png)">star10</value>
        <value>star0</value>
    </variable>




    <variable name="Image_Fanart">
        <value condition="!String.IsEmpty(ListItem.Art(fanart))">$INFO[ListItem.Art(fanart)]</value>
    </variable>

    <variable name="Image_HubFanart">
        <value condition="!String.IsEmpty(ListItem.Art(fanart))">$INFO[ListItem.Art(fanart)]</value>
        <value condition="!String.IsEmpty(ListItem.Art(thumb))">$INFO[ListItem.Art(thumb)]</value>
    </variable>



    <variable name="Image_Banner">
        <value condition="!String.IsEmpty(ListItem.Art(banner))">$INFO[ListItem.Art(banner)]</value>
        <value condition="!String.IsEmpty(ListItem.Art(tvshow.banner))">$INFO[ListItem.Art(tvshow.banner)]</value>
        <value>$VAR[Image_Fanart]</value>
    </variable>


    <variable name="Image_RSS_Icon">
        <value condition="Player.HasMedia + Player.Paused">common/pause.png</value>
        <value condition="Player.HasMedia + !Player.Paused">common/play.png</value>
        <value condition="!String.IsEmpty(Window(Home).Property(NextAired.NextDate))">common/nextaired.png</value>
        <value condition="String.IsEmpty(Window(Home).Property(NextAired.NextDate)) + !String.IsEmpty(Window(Home).Property(NextAired.LatestTitle))">common/nextaired.png</value>
    </variable>

    <variable name="Image_Background">
        <value condition="Window.IsVisible(LoginScreen.xml)">special://skin/extras/backgrounds/login.jpg</value>
        <value condition="Window.IsVisible(weather) + System.HasAddon(resource.images.weatherfanart.multi)">$INFO[Window(Weather).Property(Current.FanartCode),resource://resource.images.weatherfanart.multi/,]/</value>
        <value condition="Window.IsVisible(home) + [String.IsEqual(Container(9000).ListItem.Property(widget),Weather) | [String.IsEmpty(Container(9000).ListItem.Property(widget)) + [String.IsEqual(Skin.String(home.fallbackwidget),Weather) | String.IsEqual(Skin.String(home.fallbackwidget.node),Weather)]]] + System.HasAddon(resource.images.weatherfanart.multi)">$INFO[Container(9001).ListItem.PicturePath]</value>
        <value condition="Window.IsVisible(home) + String.IsEqual(Container(9000).ListItem.Property(widgetTarget),pictures) + !String.IsEmpty(Container(9001).ListItem.Icon)">$INFO[Container(9001).ListItem.PicturePath]</value>
        <value condition="Window.IsVisible(home) + !String.IsEmpty(Container(9001).ListItem.Art(fanart))">$INFO[Container(9001).ListItem.Art(fanart)]</value>
        <value condition="Window.IsVisible(home) + String.IsEqual(Container(9000).ListItem.Property(background),playlistBackground)">$INFO[Container(9988).ListItem.Art(fanart)]</value>
        <value condition="Window.IsVisible(home) + !String.IsEmpty(Container(9000).ListItem.Property(Background))">$INFO[Container(9000).ListItem.Property(Background)]</value>
        <value condition="Window.IsVisible(home) + Integer.IsGreater(Container(9000).NumItems,0) + String.IsEqual(Skin.String(home.fallbackwidget.target),pictures) + !String.IsEmpty(Container(9001).ListItem.Icon) + String.IsEmpty(Container(9000).ListItem.Property(widget))">$INFO[Container(9001).ListItem.PicturePath]</value>
        <value condition="Window.IsVisible(home) + !String.IsEmpty(Skin.String(widget.background.fallback))">$INFO[Skin.String(widget.background.fallback)]</value>
        <value condition="Window.IsVisible(home) + !String.IsEmpty(Skin.String(background.fallback))">$INFO[Skin.String(background.fallback)]</value>
        <value condition="Window.IsVisible(home) + String.IsEmpty(Skin.String(background.fallback))">special://skin/extras/backgrounds/home.jpg</value>

        <value condition="Skin.HasSetting(background.hidefanart) + String.IsEmpty(Skin.String(background.fallback))">common/black.png</value>
        <value condition="Skin.HasSetting(background.hidefanart) + !String.IsEmpty(Skin.String(background.fallback))">$INFO[Skin.String(background.fallback)]</value>
        <value condition="!String.IsEmpty(Container(9500).ListItem.Art(fanart)) + !Skin.HasSetting(global.fanart)">$INFO[Container(9500).ListItem.Art(fanart)]</value>

        <value condition="!String.IsEmpty(ListItem.Art(fanart)) + !Skin.HasSetting(global.fanart)">$INFO[ListItem.Art(fanart)]</value>
        <value condition="!String.IsEmpty(Window(home).Property(TMDBbHelper.ListItem.Fanart)) + !Skin.HasSetting(global.fanart)">$INFO[Window(home).Property(TMDBbHelper.ListItem.Fanart)]</value>

        <value condition="!String.IsEmpty(Skin.String(background.fallback))">$INFO[Skin.String(background.fallback)]</value>
        
        <value>common/black.png</value>
    </variable>

    <variable name="Image_Indicator">
        <value condition="ListItem.IsRecording">indicator/record.png</value>
        <value condition="ListItem.IsPlaying">indicator/play.png</value>
        <value condition="ListItem.IsResumable + Integer.IsGreater(ListItem.PercentPlayed,66)">indicator/inprogress-75.png</value>
        <value condition="ListItem.IsResumable + Integer.IsGreater(ListItem.PercentPlayed,33)">indicator/inprogress-50.png</value>
        <value condition="ListItem.IsResumable">indicator/inprogress-25.png</value>
        <value condition="ListItem.IsCollection">indicator/set.png</value>
        <value condition="ListItem.IsFolder + String.String.IsEmpty(Listitem.dbtype) + !String.IsEqual(ListItem.Overlay,OverlayWatched.png) + !ListItem.IsParentFolder">indicator/folder.png</value>
        <value condition="String.IsEqual(ListItem.Overlay,OverlayWatched.png)">indicator/checkmark.png</value>
        <value condition="[String.Contains(ListItem.Overlay,OverlayUnwatched.png) + [[Container.Content(movies) + [String.IsEqual(Window(Home).Property(LatestMovie.1.Title),ListItem.Label) | String.IsEqual(Window(Home).Property(LatestMovie.2.Title),ListItem.Label) | String.IsEqual(Window(Home).Property(LatestMovie.3.Title),ListItem.Label) | String.IsEqual(Window(Home).Property(LatestMovie.4.Title),ListItem.Label) | String.IsEqual(Window(Home).Property(LatestMovie.5.Title),ListItem.Label) | String.IsEqual(Window(Home).Property(LatestMovie.6.Title),ListItem.Label) | String.IsEqual(Window(Home).Property(LatestMovie.7.Title),ListItem.Label) | String.IsEqual(Window(Home).Property(LatestMovie.8.Title),ListItem.Label) | String.IsEqual(Window(Home).Property(LatestMovie.9.Title),ListItem.Label) | String.IsEqual(Window(Home).Property(LatestMovie.10.Title),ListItem.Label)]] | [[Container.Content(tvshows)] + [String.IsEqual(Window(Home).Property(LatestEpisode.1.ShowTitle),ListItem.TvShowTitle) | String.IsEqual(Window(Home).Property(LatestEpisode.2.ShowTitle),ListItem.TvShowTitle) | String.IsEqual(Window(Home).Property(LatestEpisode.3.ShowTitle),ListItem.TvShowTitle) | String.IsEqual(Window(Home).Property(LatestEpisode.4.ShowTitle),ListItem.TvShowTitle) | String.IsEqual(Window(Home).Property(LatestEpisode.5.ShowTitle),ListItem.TvShowTitle) | String.IsEqual(Window(Home).Property(LatestEpisode.6.ShowTitle),ListItem.TvShowTitle) | String.IsEqual(Window(Home).Property(LatestEpisode.7.ShowTitle),ListItem.TvShowTitle) | String.IsEqual(Window(Home).Property(LatestEpisode.8.ShowTitle),ListItem.TvShowTitle) | String.IsEqual(Window(Home).Property(LatestEpisode.9.ShowTitle),ListItem.TvShowTitle) | String.IsEqual(Window(Home).Property(LatestEpisode.10.ShowTitle),ListItem.TvShowTitle)]] | [Container.Content(episodes) + [String.IsEqual(Window(Home).Property(LatestEpisode.1.EpisodeTitle),ListItem.Title) | String.IsEqual(Window(Home).Property(LatestEpisode.2.EpisodeTitle),ListItem.Title) | String.IsEqual(Window(Home).Property(LatestEpisode.3.EpisodeTitle),ListItem.Title) | String.IsEqual(Window(Home).Property(LatestEpisode.4.EpisodeTitle),ListItem.Title) | String.IsEqual(Window(Home).Property(LatestEpisode.5.EpisodeTitle),ListItem.Title) | String.IsEqual(Window(Home).Property(LatestEpisode.6.EpisodeTitle),ListItem.Title) | String.IsEqual(Window(Home).Property(LatestEpisode.7.EpisodeTitle),ListItem.Title) | String.IsEqual(Window(Home).Property(LatestEpisode.8.EpisodeTitle),ListItem.Title) | String.IsEqual(Window(Home).Property(LatestEpisode.9.EpisodeTitle),ListItem.Title) | String.IsEqual(Window(Home).Property(LatestEpisode.10.EpisodeTitle),ListItem.Title)]]]]">indicator/new.png</value>
    </variable>

    <variable name="Image_Indicator_List">
        <value condition="ListItem.IsRecording">indicator/record.png</value>
        <value condition="ListItem.IsPlaying">indicator/play.png</value>
        <value condition="ListItem.IsResumable + Integer.IsGreater(ListItem.PercentPlayed,66)">indicator/inprogress-75.png</value>
        <value condition="ListItem.IsResumable + Integer.IsGreater(ListItem.PercentPlayed,33)">indicator/inprogress-50.png</value>
        <value condition="ListItem.IsResumable">indicator/inprogress-25.png</value>
        <value condition="ListItem.IsCollection">indicator/set.png</value>
        <value condition="ListItem.IsFolder + String.String.IsEmpty(Listitem.dbtype) + !String.IsEqual(ListItem.Overlay,OverlayWatched.png) + !ListItem.IsParentFolder">indicator/folder.png</value>
        <value condition="String.IsEqual(ListItem.Overlay,OverlayWatched.png)">indicator/checkmark.png</value>
        <value condition="[String.Contains(ListItem.Overlay,OverlayUnwatched.png) + [[Container.Content(movies) + [String.IsEqual(Window(Home).Property(LatestMovie.1.Title),ListItem.Label) | String.IsEqual(Window(Home).Property(LatestMovie.2.Title),ListItem.Label) | String.IsEqual(Window(Home).Property(LatestMovie.3.Title),ListItem.Label) | String.IsEqual(Window(Home).Property(LatestMovie.4.Title),ListItem.Label) | String.IsEqual(Window(Home).Property(LatestMovie.5.Title),ListItem.Label) | String.IsEqual(Window(Home).Property(LatestMovie.6.Title),ListItem.Label) | String.IsEqual(Window(Home).Property(LatestMovie.7.Title),ListItem.Label) | String.IsEqual(Window(Home).Property(LatestMovie.8.Title),ListItem.Label) | String.IsEqual(Window(Home).Property(LatestMovie.9.Title),ListItem.Label) | String.IsEqual(Window(Home).Property(LatestMovie.10.Title),ListItem.Label)]] | [[Container.Content(tvshows)] + [String.IsEqual(Window(Home).Property(LatestEpisode.1.ShowTitle),ListItem.TvShowTitle) | String.IsEqual(Window(Home).Property(LatestEpisode.2.ShowTitle),ListItem.TvShowTitle) | String.IsEqual(Window(Home).Property(LatestEpisode.3.ShowTitle),ListItem.TvShowTitle) | String.IsEqual(Window(Home).Property(LatestEpisode.4.ShowTitle),ListItem.TvShowTitle) | String.IsEqual(Window(Home).Property(LatestEpisode.5.ShowTitle),ListItem.TvShowTitle) | String.IsEqual(Window(Home).Property(LatestEpisode.6.ShowTitle),ListItem.TvShowTitle) | String.IsEqual(Window(Home).Property(LatestEpisode.7.ShowTitle),ListItem.TvShowTitle) | String.IsEqual(Window(Home).Property(LatestEpisode.8.ShowTitle),ListItem.TvShowTitle) | String.IsEqual(Window(Home).Property(LatestEpisode.9.ShowTitle),ListItem.TvShowTitle) | String.IsEqual(Window(Home).Property(LatestEpisode.10.ShowTitle),ListItem.TvShowTitle)]] | [Container.Content(episodes) + [String.IsEqual(Window(Home).Property(LatestEpisode.1.EpisodeTitle),ListItem.Title) | String.IsEqual(Window(Home).Property(LatestEpisode.2.EpisodeTitle),ListItem.Title) | String.IsEqual(Window(Home).Property(LatestEpisode.3.EpisodeTitle),ListItem.Title) | String.IsEqual(Window(Home).Property(LatestEpisode.4.EpisodeTitle),ListItem.Title) | String.IsEqual(Window(Home).Property(LatestEpisode.5.EpisodeTitle),ListItem.Title) | String.IsEqual(Window(Home).Property(LatestEpisode.6.EpisodeTitle),ListItem.Title) | String.IsEqual(Window(Home).Property(LatestEpisode.7.EpisodeTitle),ListItem.Title) | String.IsEqual(Window(Home).Property(LatestEpisode.8.EpisodeTitle),ListItem.Title) | String.IsEqual(Window(Home).Property(LatestEpisode.9.EpisodeTitle),ListItem.Title) | String.IsEqual(Window(Home).Property(LatestEpisode.10.EpisodeTitle),ListItem.Title)]]]]">indicator/new.png</value>
        <value condition="String.IsEqual(ListItem.Overlay,OverlayUnwatched.png) + !ListItem.IsParentFolder">indicator/unwatched.png</value>
    </variable>


</includes>