<?xml version="1.0" encoding="utf-8"?>
<fonts>

    <fontset id="Default">

        <!-- Fonts from Eminence -->
        <font>
            <name>Font-Header</name>
            <filename>Roboto-Black.ttf</filename>
            <size>75</size>
        </font>
        <font>
            <name>Font-Sublabel</name>
            <filename>Roboto-Bold.ttf</filename>
            <size>32</size>
        </font>
        <font>
            <name>Font-HomeMenu</name>
            <filename>Roboto-Regular.ttf</filename>
            <size>28</size>
        </font>
        <font>
            <name>Font-HomeMenu-Bold</name>
            <filename>Roboto-Bold.ttf</filename>
            <size>28</size>
        </font>
        <font>
            <name>Font-HomeMenu-Bolder</name>
            <filename>Roboto-Bold.ttf</filename>
            <size>30</size>
        </font>
        <font>
            <name>Font-Button</name>
            <filename>Roboto-Bold.ttf</filename>
            <size>32</size>
        </font>
        <font>
            <name>Font-ListInfo-Bold</name>
            <filename>Roboto-Bold.ttf</filename>
            <size>30</size>
            <linespacing>1.08</linespacing>
        </font>
        <font>
            <name>Font-ListInfo</name>
            <filename>Roboto-Regular.ttf</filename>
            <size>28</size>
            <linespacing>1.08</linespacing>
        </font>
        <font>
            <name>Font-ListInfo-Big</name>
            <filename>Roboto-Regular.ttf</filename>
            <size>38</size>
            <linespacing>1.08</linespacing>
        </font>
        <font>
            <name>Font-ListInfo-Smaller</name>
            <filename>Roboto-Bold.ttf</filename>
            <size>26</size>
            <linespacing>1.08</linespacing>
        </font>
        <font>
            <name>Font-ListInfo-Small</name>
            <filename>Roboto-Regular.ttf</filename>
            <size>24</size>
            <linespacing>1.08</linespacing>
        </font>
        <font>
            <name>Font-ListInfo-Small-Bold</name>
            <filename>Roboto-Bold.ttf</filename>
            <size>30</size>
            <linespacing>1.08</linespacing>
        </font>
        <font>
            <name>Font-ListInfo-Smaller-Still-Bold</name>
            <filename>Roboto-Bold.ttf</filename>
            <size>24</size>
            <linespacing>1.08</linespacing>
        </font>
        <font>
            <name>Font-ListInfo-Smaller-Bold</name>
            <filename>Roboto-Bold.ttf</filename>
            <size>20</size>
            <linespacing>1.08</linespacing>
        </font>
        <font>
            <name>Font-ListInfo-Smallest</name>
            <filename>Roboto-Bold.ttf</filename>
            <size>20</size>
            <linespacing>1.08</linespacing>
        </font>
        <font>
            <name>Font-LineLabel</name>
            <filename>Roboto-Bold.ttf</filename>
            <size>18</size>
            <style>uppercase</style>
        </font>
        <font>
            <name>Font-SettingsLevel</name>
            <filename>Roboto-Bold.ttf</filename>
            <size>22</size>
        </font>
        <font>
            <name>Font-NumEpisodes</name>
            <filename>Roboto-Black.ttf</filename>
            <size>16</size>
        </font>
        <font>
            <name>Font-RSS</name>
            <filename>Roboto-Regular.ttf</filename>
            <size>24</size>
        </font>
        <font>
            <name>FontArial-ListInfo-Small-Bold</name>
            <filename>Arial.ttf</filename>
            <style>bold</style>
            <size>25</size>
            <aspect>0.94</aspect>
        </font>
        <font>
            <name>Font-OSD</name>
            <filename>Roboto-Regular.ttf</filename>
            <size>25</size>
            <aspect>0.9</aspect>
        </font>
        <font>
            <name>Font-InfoBox-Title</name>
            <filename>Roboto-Black.ttf</filename>
            <size>36</size>
        </font>
        <font>
            <name>Font-WidgetInfoTitle</name>
            <filename>Roboto-Black.ttf</filename>
            <size>48</size>
        </font>
        <font>
            <name>Font-WidgetInfoTitle-Small</name>
            <filename>Roboto-Bold.ttf</filename>
            <size>36</size>
        </font>

        <font>
            <name>Font-LoginLabel</name>
            <style>uppercase</style>
            <filename>Roboto-Black.ttf</filename>
            <size>36</size>
        </font>

        <font>
            <name>Font-MusicVis-Title</name>
            <filename>Roboto-Black.ttf</filename>
            <size>64</size>
        </font>
        <font>
            <name>Font-MusicVis-Info</name>
            <filename>Roboto-Bold.ttf</filename>
            <size>42</size>
        </font>

        <!-- Music Vis -->
        <font>
            <name>Font-MusicVis-Biggest</name>
            <filename>Roboto-Light.ttf</filename>
            <size>230</size>
        </font>
        <font>
            <name>Font-MusicVis-Bigger</name>
            <filename>Roboto-Light.ttf</filename>
            <size>130</size>
        </font>
        <font>
            <name>Font-MusicVis-Big</name>
            <filename>Roboto-Light.ttf</filename>
            <size>80</size>
        </font>

        <include>Defs_LyricSystemFonts</include>

    </fontset>


    <fontset id="Arial">

        <!-- Fonts from Eminence -->
        <font>
            <name>Font-Header</name>
            <filename>Arial.ttf</filename>
            <size>73</size>
            <aspect>0.94</aspect>
            <style>bold</style>
        </font>
        <font>
            <name>Font-Sublabel</name>
            <filename>Arial.ttf</filename>
            <size>30</size>
            <aspect>0.94</aspect>
            <style>bold</style>
        </font>
        <font>
            <name>Font-HomeMenu</name>
            <filename>Arial.ttf</filename>
            <size>26</size>
            <aspect>0.94</aspect>
        </font>
        <font>
            <name>Font-Button</name>
            <filename>Arial.ttf</filename>
            <size>30</size>
            <aspect>0.94</aspect>
            <style>bold</style>
        </font>
        <font>
            <name>Font-ListInfo-Bold</name>
            <filename>Arial.ttf</filename>
            <size>28</size>
            <linespacing>1.11</linespacing>
            <aspect>0.94</aspect>
            <style>bold</style>
        </font>
        <font>
            <name>Font-ListInfo</name>
            <filename>Arial.ttf</filename>
            <size>28</size>
            <linespacing>1.11</linespacing>
            <aspect>0.94</aspect>
        </font>
        <font>
            <name>Font-ListInfo-Big</name>
            <filename>Arial.ttf</filename>
            <size>36</size>
            <linespacing>1.11</linespacing>
            <aspect>0.94</aspect>
            <style>bold</style>
        </font>
        <font>
            <name>Font-ListInfo-Small</name>
            <filename>Arial.ttf</filename>
            <size>25</size>
            <aspect>0.94</aspect>
        </font>
        <font>
            <name>Font-LineLabel</name>
            <filename>Arial.ttf</filename>
            <size>16</size>
            <style>uppercase bold</style>
            <aspect>0.94</aspect>
        </font>
        <font>
            <name>Font-SettingsLevel</name>
            <filename>Arial.ttf</filename>
            <size>20</size>
            <aspect>0.94</aspect>
            <style>bold</style>
        </font>
        <font>
            <name>Font-NumEpisodes</name>
            <filename>Arial.ttf</filename>
            <size>14</size>
            <aspect>0.94</aspect>
            <style>bold</style>
        </font>
        <font>
            <name>Font-RSS</name>
            <filename>Arial.ttf</filename>
            <size>22</size>
            <aspect>0.94</aspect>
        </font>
        <font>
            <name>Font-ListInfo-Small-Bold</name>
            <filename>Arial.ttf</filename>
            <size>25</size>
            <aspect>0.94</aspect>
            <style>bold</style>
        </font>
        <font>
            <name>FontArial-ListInfo-Small-Bold</name>
            <filename>Arial.ttf</filename>
            <style>bold</style>
            <size>25</size>
            <aspect>0.94</aspect>
        </font>
        <font>
            <name>Font-OSD</name>
            <filename>Arial.ttf</filename>
            <size>23</size>
            <aspect>0.84</aspect>

        </font>
        <font>
            <name>Font-InfoBox-Title</name>
            <filename>Arial.ttf</filename>
            <size>34</size>
            <aspect>0.94</aspect>
            <style>bold</style>
        </font>
        <font>
            <name>Font-WidgetInfoTitle</name>
            <filename>Arial.ttf</filename>
            <size>46</size>
            <aspect>0.94</aspect>
            <style>bold</style>
        </font>

        <font>
            <name>Font-LoginLabel</name>
            <style>uppercase bold</style>
            <filename>Arial.ttf</filename>
            <size>34</size>
            <aspect>0.94</aspect>
        </font>

        <font>
            <name>Font-MusicVis-Title</name>
            <filename>Arial.ttf</filename>
            <size>62</size>
            <aspect>0.94</aspect>
            <style>bold</style>
        </font>
        <font>
            <name>Font-MusicVis-Info</name>
            <filename>Arial.ttf</filename>
            <size>40</size>
            <aspect>0.94</aspect>
            <style>bold</style>
        </font>

        <!-- Music Vis -->
        <font>
            <name>Font-MusicVis-Biggest</name>
            <filename>Arial.ttf</filename>
            <size>230</size>
            <aspect>0.94</aspect>
        </font>
        <font>
            <name>Font-MusicVis-Bigger</name>
            <filename>Arial.ttf</filename>
            <size>130</size>
            <aspect>0.94</aspect>
        </font>
        <font>
            <name>Font-MusicVis-Big</name>
            <filename>Arial.ttf</filename>
            <size>80</size>
            <aspect>0.94</aspect>
        </font>

        <include>Defs_LyricSystemFonts</include>

    </fontset>

</fonts>